{
  "main": "american-flights-api.raml",
  "name": "American Flights API",
  "classifier": "raml",
  "tags": [],
  "descriptorVersion": "1.0.0",
  "groupId": "76e242fe-d17e-4952-9a9c-957472e4e7f8",
  "assetId": "american-flights-api",
  "version": "1.0.0",
  "dependencies": [
    {
      "groupId": "68ef9520-24e9-4cf2-b2f5-620025690913",
      "assetId": "training-american-flight-data-type",
      "version": "1.0.1",
      "classifier": "raml-fragment",
      "packaging": "zip"
    },
    {
      "groupId": "68ef9520-24e9-4cf2-b2f5-620025690913",
      "assetId": "training-american-flights-example",
      "version": "1.0.1",
      "classifier": "raml-fragment",
      "packaging": "zip"
    }
  ],
  "organizationId": "76e242fe-d17e-4952-9a9c-957472e4e7f8",
  "apiVersion": "v1",
  "originalFormatVersion": "1.0"
}